id00017 n000017  "Aaron_Rodgers" Male https://en.wikipedia.org/wiki/Aaron_Rodgers
id00061 n000061  "Adam_Rodriguez" Male https://en.wikipedia.org/wiki/Adam_Rodriguez
id00419 n000419  "Amy_Adams" Female https://en.wikipedia.org/wiki/Amy_Adams
id01224 n001224  "Brie_Bella" Female https://en.wikipedia.org/wiki/Brie_Bella
id02181 n002180  "Diane_Sawyer" Female https://en.wikipedia.org/wiki/Diane_Sawyer
id02542 n002541  "Emmanuel_Adebayor" Male https://en.wikipedia.org/wiki/Emmanuel_Adebayor
id02577 n002576  "Eric_Close" Male https://en.wikipedia.org/wiki/Eric_Close
id03127 n003126  "Gisele_Bündchen" Female https://en.wikipedia.org/wiki/Gisele_B%C3%BCndchen
id03347 n003346  "Harry_Connick_Jr." Male https://en.wikipedia.org/wiki/Harry_Connick_Jr.
id03981 n003980  "Jennifer_Nettles" Female https://en.wikipedia.org/wiki/Jennifer_Nettles
id05124 n005123  "Leonardo_DiCaprio" Male https://en.wikipedia.org/wiki/Leonardo_DiCaprio
id05594 n005591  "Maria_Canals_Barrera" Female https://no.wikipedia.org/wiki/Maria_Canals_Barrera
id05714 n005713  "Marouane_Fellaini" Male https://en.wikipedia.org/wiki/Marouane_Fellaini
id06484 n006483  "Nick_Offerman" Male https://en.wikipedia.org/wiki/Nick_Offerman
id06811 n006810  "Neil_Patrick_Harris" Male https://en.wikipedia.org/wiki/Neil_Patrick_Harris
id06816 n006815  "Patrick_Monahan" Male https://en.wikipedia.org/wiki/Patrick_Monahan
id08149 n008148  "Song_Hye-kyo" Female https://en.wikipedia.org/wiki/Song_Hye-kyo
id08552 n008551  "Tiger_Woods" Male https://en.wikipedia.org/wiki/Tiger_Woods
id08696 n008695  "Trey_Songz" Male https://en.wikipedia.org/wiki/Trey_Songz
id09017 n009017  "William_Scott" Male https://en.wikipedia.org/wiki/Seann_William_Scott
